mutant,score
A192C,-0.1978636783333333
A192D,-0.5801004266666667
A192E,-0.9036815173333332
A192F,-0.8381963283333332
A192G,-0.000182797
A192H,-0.689810552
A192I,-1.225807359
A192K,-1.7252427726666666
A192L,-1.820249278
A192M,-1.2762322266666664
A192N,0.0601097806666666
A192P,-1.614249841
A192Q,-0.6478489906666666
A192R,-1.827771933
A192S,0.1580397113333333
A192T,0.2843922586666667
A192V,-1.1927034323333334
A192W,-3.086522311
A192Y,-0.9424524143333332
A32C,-0.1793632383333333
A32D,-1.6325965013333334
A32E,-1.171065076
A32F,-0.3890900236666666
A32G,-0.6429281096666667
A32H,-1.27023283
A32I,-0.8087196026666668
A32K,-2.8007290433333334
A32L,-1.206320332
A32M,-0.663898929
A32N,-1.063361579666667
A32P,-2.410017024666667
A32Q,-0.9604283963333332
A32R,-2.844482670333333
A32S,-0.205387757
A32T,-0.2976183466666667
A32V,-0.7788361760000001
A32W,-1.5593420116666667
A32Y,-0.8060687933333334
D136A,-2.277135056666667
D136C,-2.621970378333333
D136E,-0.1346766703333333
D136F,-2.838911451
D136G,-2.5203149223333337
D136H,-2.855319634666667
D136I,-3.104066743
D136K,-4.7614027850000005
D136L,-3.3994781513333336
D136M,-2.972917824333333
D136N,-2.122893259
D136P,-2.893248924666667
D136Q,-2.3459960656666667
D136R,-4.481230010333333
D136S,-1.7299411463333334
D136T,-1.8423367536666664
D136V,-2.5851372576666667
D136W,-3.922449582333333
D136Y,-3.679116326
D518A,-2.023050061
D518C,-1.224213415
D518E,-2.9382513473333334
D518F,-4.158985513
D518G,-1.854587794
D518H,-2.4873628033333333
D518I,-3.6092450006666654
D518K,-3.951644171
D518L,-2.4830543683333333
D518M,-3.458478308
D518N,-2.700826339
D518P,-3.1041211653333334
D518Q,-3.182467480333333
D518R,-3.360972404
D518S,-1.2161087373333332
D518T,-3.10829154
D518V,-2.563748231333333
D518W,-3.1882718346666667
E512A,-4.049580603
E512C,-3.6136161533333335
E512D,-3.076548783333333
E512F,-2.8345743076666667
E512G,-5.552841924
E512H,-3.219643922666666
E512I,-2.8762514093333333
E512K,-2.3910964763333333
E512L,-3.199238838333333
E512M,-3.620893851666666
E512N,-3.619280645666666
E512P,-3.016954692666667
E512Q,-3.3632487930000003
E512R,-6.152992925333334
E512S,-3.624285165
E512T,-3.887773965333333
E512V,-3.814749826
E512W,-7.0
E512Y,-3.183457447666667
F255A,-0.2089854903333333
F255C,-1.1507868403333334
F255D,-0.568607783
F255E,-0.335130855
F255G,-0.235007836
F255H,-0.1768444273333333
F255I,-0.4674509716666666
F255K,-3.025988166333333
F255M,-0.116915718
F255N,-0.1285519866666666
F255P,-0.4782913643333333
F255Q,-0.0866829516666666
F255R,-2.847345757
F255S,-0.0527994956666666
F255T,-0.3106172586666667
F255V,-0.1654772666666666
F255W,0.4247089093333334
F255Y,0.0835333906666666
H543A,-3.647107688
H543C,-3.8530145596666654
H543D,-2.922572591
H543E,-3.1415622336666664
H543F,-4.079761034000001
H543G,-3.787365389
H543I,-3.3842843403333336
H543K,-3.105486829333333
H543L,-3.164246539666667
H543M,-2.6122629120000003
H543P,-3.173789073
H543Q,-2.331913481
H543R,-3.289359204333333
H543S,-4.731193975333333
H543T,-2.984958696666667
H543V,-3.693493443333333
H543W,-3.038702990333333
H543Y,-2.263153562333333
I189A,-1.3028608343333332
I189C,-0.5713120816666667
I189D,-1.596216695
I189E,-1.0182769083333334
I189F,-1.4470714176666668
I189G,-0.9308342936666666
I189H,-0.4753892846666667
I189K,-0.8183570663333334
I189L,-0.7400461356666667
I189M,-1.3439727316666668
I189N,-0.7480240136666666
I189P,-0.911454742
I189Q,-0.4818022466666667
I189R,-0.9096935653333332
I189S,-0.7602616563333333
I189T,-0.956369538
I189V,-0.4334463423333334
I189W,-1.893809923
I189Y,-0.8980294513333332
I270A,-0.0245307103333333
I270C,-0.7631269736666667
I270D,-4.251428677333333
I270E,-2.1480350796666667
I270F,-2.9650408076666666
I270G,-0.2150677793333333
I270H,-2.644645843333333
I270L,-0.3731061876666666
I270M,-1.8977807706666667
I270N,-1.555910078
I270P,-1.0007178623333333
I270Q,-2.4950576336666668
I270S,-0.168682849
I270T,-0.0632211536666666
I270V,-0.3340062853333334
I270W,-3.079936040333333
I270Y,-2.9967631236666663
K389A,-3.2581380883333337
K389C,-2.968544308666667
K389D,-3.1531081063333333
K389E,-2.099163621666667
K389F,-2.637363497
K389G,-3.2933455646666663
K389H,-3.6520244616666666
K389I,-3.2760632493333333
K389L,-4.090450050333334
K389M,-5.917917897333333
K389N,-3.603751235666667
K389P,-4.023089331
K389Q,-2.9969866756666668
K389R,-2.131792460666667
K389S,-3.271207986
K389T,-3.154271282333333
K389V,-3.5649841600000003
K389W,-3.3548275063333333
K389Y,-3.7563458723333327
L263A,0.1150190609999999
L263C,0.0039630093333333
L263D,-0.571229281
L263E,0.005433583
L263F,0.0951719906666666
L263G,-0.133897744
L263H,0.2366758353333333
L263I,0.3241553743333333
L263K,-1.38691533
L263M,0.2720073003333333
L263N,-0.0273566856666666
L263P,-0.2186819036666666
L263Q,-0.1002616176666666
L263R,-0.957138341
L263S,-0.1476430633333333
L263T,0.2445521926666666
L263V,0.2564499226666666
L263W,0.2451867636666667
L263Y,0.203679834
L317A,0.0011937423333333
L317C,-0.570723379
L317D,-1.2215727273333334
L317E,-0.7199499340000001
L317F,-0.4595189326666666
L317G,-0.1741468833333333
L317H,-0.2766377276666666
L317I,-1.0150391196666666
L317K,-0.6274603033333334
L317M,-0.3871909273333333
L317N,-0.1681655363333333
L317P,-0.3648983016666667
L317Q,-0.01034584
L317R,-0.9291250726666666
L317S,0.0522070793333333
L317T,-0.2358966883333333
L317V,-0.7791104863333334
L317W,-0.271092901
L317Y,-0.0710865483333333
M306A,-0.2418400606666666
M306C,-0.3071706726666667
M306D,0.4038225733333333
M306E,-0.2454525089999999
M306F,-0.3457114136666666
M306G,-0.0761817643333333
M306H,-0.0716686813333333
M306K,-2.323761857
M306L,-0.3620086623333333
M306N,-0.6698498076666667
M306P,-0.900854425
M306Q,0.0711880006666666
M306R,-2.728627556333333
M306S,0.0770679203333333
M306T,-0.114188132
M306V,-0.6432662113333333
M306W,-0.2580724423333333
M314A,-2.455886308
M314C,-0.848820832
M314D,-1.6536120513333332
M314E,-0.8782181676666667
M314F,-1.509177415
M314G,-1.3913412473333333
M314H,-1.869903184
M314K,-3.2667712373333337
M314L,0.130048894
M314N,-1.76478946
M314P,-0.2875412646666667
M314Q,-0.5484695063333334
M314R,-2.947187774333333
M314S,-0.8198845663333335
M314T,-0.549416522
M314V,-0.4131843316666666
M314W,-1.7912635646666668
M314Y,-1.656391612666667
N143A,-3.4179158226666666
N143C,-3.239343192
N143D,-0.4032655796666666
N143E,-1.558092917
N143F,-1.476078087
N143G,-3.3616633250000003
N143H,-1.4280394593333334
N143I,-3.6884019276666655
N143K,-2.5740341276666667
N143L,-2.955780723333333
N143M,-3.6148022936666666
N143P,-3.447957747
N143Q,-1.4895307836666667
N143R,-3.471556799
N143S,-2.9944575466666663
N143T,-3.494738713333333
N143V,-2.9578700626666667
N143W,0.0464821319999999
N143Y,-2.471026599
Q144A,-1.678753014
Q144C,-2.072004111
Q144D,-2.4320750196666667
Q144E,0.2878472443333333
Q144F,-2.4116646986666663
Q144G,-2.491359611333334
Q144H,-2.197356913
Q144I,-2.358704095333333
Q144L,-2.1360147803333334
Q144M,-1.082992254
Q144N,-1.6495767206666667
Q144P,-2.965738148
Q144S,-1.1640290723333335
Q144T,-1.747333011
Q144V,-2.24848532
Q144W,-2.1165325983333334
Q144Y,-2.488838837333333
Q148A,-0.987331429
Q148C,-1.2887655633333337
Q148D,-0.2152055726666666
Q148E,-0.0178385663333332
Q148F,-2.047579722
Q148G,-0.9274760186666668
Q148H,-0.9416142293333332
Q148I,-2.5996111873333336
Q148K,-2.459204403333333
Q148L,-2.265440843
Q148M,-1.145062659
Q148N,-0.795530231
Q148P,0.1284199306666666
Q148R,-2.7675404140000004
Q148S,-0.7528671710000001
Q148T,-1.2145948293333333
Q148V,-1.6550494593333334
Q148W,-1.7809403713333334
Q148Y,-1.565490667
Q200A,0.079261972
Q200C,-0.6521375923333333
Q200D,-3.580700230666667
Q200E,-0.2942113423333333
Q200F,-0.4993971676666666
Q200G,0.1002114993333333
Q200H,-0.6222681523333333
Q200I,-0.5305276873333333
Q200L,-0.22225308
Q200M,-0.5039766476666667
Q200N,-1.857891617
Q200P,-0.8953268673333333
Q200R,-3.354054173
Q200S,-0.2095085496666666
Q200T,-0.2094568616666666
Q200V,-0.4304878726666667
Q200W,-0.9416493123333334
Q200Y,-0.3817392963333333
Q259A,-0.3557566316666666
Q259C,-0.943746833
Q259D,0.0733360519999999
Q259E,-0.2247393056666667
Q259F,-2.453839167
Q259G,-0.315152877
Q259H,-0.3454353779999999
Q259I,-1.645828521
Q259L,-1.2059331796666666
Q259M,-0.6157448933333334
Q259N,-0.3883241956666666
Q259P,-1.913882366
Q259R,-1.3388326673333333
Q259S,-0.183100957
Q259T,-0.210030708
Q259V,-1.655968317
Q259W,-1.0807451376666668
Q259Y,-0.9519067576666668
Q296A,-0.2670524006666667
Q296C,-0.6161656636666667
Q296D,-1.5969031016666666
Q296E,-0.1907499276666666
Q296F,-0.1310825053333333
Q296G,-0.295106731
Q296H,-0.1290147453333333
Q296I,-0.4729994446666667
Q296L,-0.409558863
Q296M,-0.3615588906666667
Q296N,-0.100380901
Q296P,-1.5329898236666668
Q296R,-1.3455909723333332
Q296S,-0.2688014006666666
Q296T,-0.045069899
Q296V,-0.2308857336666666
Q296W,-0.4458229303333333
Q296Y,-0.890908746
Q299A,-0.27925174
Q299C,-0.5198021176666666
Q299D,-0.2381934203333333
Q299E,0.1493464356666666
Q299F,-0.1688864293333333
Q299G,-0.0135545589999999
Q299H,-0.1851992173333333
Q299I,-0.1954338083333333
Q299L,-0.6210951006666666
Q299M,-0.5226317893333333
Q299N,-0.3740656263333333
Q299P,-0.4422975336666666
Q299R,-1.2523800773333331
Q299S,-0.292893353
Q299T,-0.186894749
Q299V,-0.1643708343333333
Q299W,-0.1308720609999999
Q299Y,-0.8352527706666667
Q300A,-0.0386416843333333
Q300C,0.0234535033333333
Q300D,-0.4906169933333333
Q300E,0.0904586103333332
Q300F,-0.2189805716666666
Q300G,-0.0584274603333333
Q300H,0.0312006626666666
Q300I,-0.16946913
Q300K,-1.0710734886666666
Q300L,-0.076245397
Q300M,0.3321559036666666
Q300N,0.1811783196666666
Q300P,-2.753345609333333
Q300R,-1.1747018686666666
Q300S,0.1232629836666666
Q300T,0.0071531576666666
Q300V,-0.2059593313333333
Q300W,-0.1787244429999999
Q300Y,-0.0698493256666666
Q303A,-0.364031601
Q303C,-0.394922128
Q303D,-0.4138837273333333
Q303E,-0.3434241176666666
Q303F,-0.9052376523333332
Q303G,-0.141720415
Q303H,-0.3133785246666666
Q303I,-0.4205019613333333
Q303L,-0.0330839273333333
Q303M,-0.1771917683333333
Q303N,-0.1004386626666666
Q303P,-1.6029025363333331
Q303R,-1.7854164893333333
Q303S,-0.086519849
Q303V,-0.317336413
Q303W,-0.2964649003333334
Q303Y,-0.0553322436666666
Q307A,-0.6368887726666667
Q307C,-0.7848301656666666
Q307D,-1.368136096333333
Q307E,-0.6329099179999998
Q307F,-0.82991702
Q307G,-0.8017701613333333
Q307H,-0.2821230063333333
Q307I,-0.76077681
Q307L,-0.8255606753333332
Q307M,-0.7218745936666667
Q307N,-0.6270963226666667
Q307P,-2.379601456666667
Q307R,-2.8614252486666665
Q307S,-0.7279036416666668
Q307T,-0.10142803
Q307V,-0.7562392606666667
Q307W,-0.4891129959999999
Q307Y,-0.1564295496666666
Q36A,-0.1569175069999999
Q36C,-0.40029392
Q36D,-0.612840054
Q36E,-0.5197965296666667
Q36F,-0.2018850803333333
Q36G,-0.8775800356666666
Q36H,-0.3279023376666666
Q36I,-0.642110619
Q36K,-1.7936523016666666
Q36L,-0.0885887206666666
Q36M,-0.1021803076666666
Q36N,-0.5616488813333333
Q36P,-2.7638145633333338
Q36R,-2.2673526243333333
Q36S,-0.251807097
Q36T,-0.0452863693333333
Q36V,-0.5818727553333333
Q36W,-0.3844604846666666
Q36Y,-0.3826211213333333
Q431A,-0.614416772
Q431C,-1.2467435096666666
Q431D,-1.489686442
Q431E,-2.1127319263333333
Q431F,-2.3665958440000003
Q431G,-1.884955983
Q431H,-1.0275686000000002
Q431I,-3.0467456170000005
Q431L,-3.0091903126666666
Q431M,-2.874288265
Q431N,-1.1883655009999998
Q431P,-1.59693337
Q431R,-7.0
Q431S,-0.531907726
Q431T,-2.619349838
Q431V,-2.2133435033333333
Q431W,-2.830138704
Q431Y,-1.5646498006666667
S141A,0.4623365403333332
S141C,0.0731197339999999
S141D,-3.052995814
S141E,-1.347966917
S141F,0.1783042886666667
S141G,-0.3922215843333334
S141H,-2.362262271
S141I,-2.663886427
S141K,-2.778298450333333
S141L,0.0800837966666666
S141M,-0.0109560193333333
S141N,-2.9192965339999994
S141P,-2.451705796666667
S141Q,-1.1199892713333333
S141T,0.0978983066666666
S141V,-0.1659110016666666
S141W,-1.3584042526666666
S141Y,-1.3836138823333333
S310A,0.1380180713333333
S310C,-0.294141251
S310D,-0.6810107536666666
S310E,0.1150958699999999
S310F,-0.4407137366666666
S310G,0.0669809663333333
S310H,-0.8817931250000001
S310I,-0.2333973856666666
S310K,-3.177102189333333
S310L,-0.3201093073333333
S310M,-0.004178902
S310N,-0.291172088
S310P,-1.5438411656666666
S310Q,0.1417540693333333
S310R,-3.1359422116666664
S310T,-0.1532538556666666
S310V,-0.0482890003333333
S310W,-0.8353877713333334
S310Y,-0.570147297
S313A,-0.1411593866666666
S313C,-0.9344152516666666
S313D,-0.6600837380000001
S313E,-0.364183573
S313F,-1.6068541846666669
S313G,-0.4921882726666666
S313H,-0.88073546
S313I,-1.119237994
S313K,-1.0847480863333334
S313L,-0.9822094356666669
S313M,-0.9265294023333333
S313N,-0.27156293
S313P,-0.3303477303333333
S313Q,-0.1974709139999999
S313T,-0.1545098606666666
S313V,-0.9300835806666666
S313W,-1.993545606
S313Y,-2.874576433333333
S85A,0.072298556
S85C,0.2261869846666666
S85D,-0.7033189759999999
S85E,-0.7129289249999999
S85F,0.0576390806666666
S85G,-0.366793228
S85H,-0.535621574
S85I,-0.5447900285
S85L,-0.3554637906666666
S85M,0.1422895996666666
S85N,-0.36728844
S85P,-1.2478564836666666
S85Q,-0.7609278923333335
S85R,-2.727859951333333
S85T,0.1071380676666666
S85V,0.1247374523333333
S85W,-0.2515614726666667
S85Y,-0.0164550216666666
T151A,0.0472731293333333
T151C,-0.4222281646666666
T151D,-0.2727123203333333
T151E,-0.8457572523333332
T151F,-0.149183657
T151G,-0.3695681116666666
T151H,-0.617291056
T151I,-0.409427481
T151K,-2.624828880666666
T151L,-0.5716009986666667
T151M,-0.231124089
T151N,-0.7113791703333333
T151P,-2.916936557
T151Q,-0.0426041173333333
T151R,-3.0186692796666663
T151S,0.0376319226666666
T151V,-0.4201290876666667
T151W,-0.7704755033333334
T151Y,-0.4707433793333333
T244A,-0.0327655376666666
T244C,-0.185697506
T244D,-0.074375525
T244E,0.239366309
T244F,-0.5370866376666666
T244G,0.0028927536666666
T244H,-0.4128858596666667
T244I,0.0090937113333333
T244K,-0.5323023886666667
T244L,-0.0871699166666666
T244N,0.0462862779999999
T244P,-3.3012256066666663
T244Q,0.001226905
T244R,-0.2992904783333333
T244S,0.0043457883333333
T244V,-0.0775219846666666
T244W,-0.530457156
T244Y,-0.539964898
T266A,-0.0304486483333333
T266C,-0.1863907663333333
T266D,-0.2944743033333333
T266E,0.1020825406666666
T266F,-2.145179286333333
T266G,-0.2492855356666666
T266H,0.0023318513333333
T266I,-1.1775755913333332
T266K,-1.494612469
T266L,-0.4438970936666666
T266N,0.1421827333333333
T266P,-4.058133883333333
T266Q,-0.3068920906666666
T266R,-1.7065052643333332
T266S,-0.020175797
T266V,-0.2282533353333333
T266W,-1.0095492016666665
T266Y,-1.583680493
T489A,-0.3363963743333333
T489C,-0.64246182
T489D,0.3115484076666667
T489E,-0.1073030733333333
T489F,-0.6783075630000001
T489G,0.0473061116666666
T489H,-0.1504208679999999
T489I,-0.2709322576666667
T489K,-0.1206174769999999
T489L,-0.2692168773333334
T489N,-0.0868284743333333
T489P,-0.4827007733333333
T489Q,0.1841571696666666
T489R,-0.2225627683333333
T489S,0.2094884
T489V,-0.1192902133333333
T489W,0.0689232166666666
T489Y,-0.21714791
V196A,-0.0709171306666666
V196C,-0.0205240513333333
V196D,-1.312094274
V196E,-1.3797211656666668
V196F,0.0965414956666666
V196G,-0.4683125143333333
V196H,0.1176112933333333
V196I,-0.369552238
V196K,-0.7941709866666665
V196L,0.1872485046666666
V196M,0.0574161266666666
V196N,-0.0438910153333333
V196P,-1.208057199
V196Q,-0.1305617543333333
V196R,-0.971952799
V196S,0.0152856776666666
V196T,0.0268771773333333
V196W,-0.1641879233333333
V196Y,-0.059217017
V240C,0.1855451089999999
V240D,-0.565879838
V240E,0.3339075336666666
V240F,-0.255483845
V240G,-0.136504384
V240H,0.1088558923333333
V240I,-0.5849225946666666
V240K,-0.8440907296666667
V240L,-1.3242206886666663
V240M,-0.0283607056666666
V240N,-0.0212067679999999
V240P,-1.1460829633333331
V240Q,0.201140073
V240R,-0.4142695843333333
V240S,0.1453193016666666
V240T,0.1349420913333333
V240W,0.0163725803333333
V240Y,0.0711336636666666
Y359A,-1.716879377
Y359C,-1.870103816
Y359D,-2.2004403066666667
Y359E,-2.279944534333333
Y359F,0.116037421
Y359G,-2.736540793
Y359H,-0.3703479703333333
Y359I,-1.086460015
Y359K,-1.976854785666667
Y359L,-1.2139116746666667
Y359M,-1.19865226
Y359N,-1.4314451403333337
Y359P,-1.1210554263333334
Y359Q,-1.1417470033333337
Y359R,-1.6170925883333334
Y359S,-1.768572897
Y359T,-1.5869558113333333
Y359V,-1.231587159
Y359W,-0.2383884726666666
Y88A,-0.7728944219999999
Y88C,-0.368966227
Y88D,-1.0384289843333334
Y88E,-1.3000318073333332
Y88F,-0.0167473546666666
Y88G,-0.6126004953333334
Y88H,-0.2067768853333333
Y88I,-0.7834019866666667
Y88K,-3.010554723333333
Y88L,-0.5556348496666667
Y88M,-0.486734946
Y88N,-0.85036174
Y88P,-1.6763544059999995
Y88Q,-0.7434593863333333
Y88R,-3.0979942953333333
Y88S,-0.476940993
Y88T,-0.5421906123333334
Y88V,-0.6329294093333334
Y88W,-0.587749338
